Earned Premier,Earned Season,,Lost Premier,Lost Season
Aaron Appicelli,2023 Season,,,
Abe Yeager,2023 Season,,Alex Cook,2022 Season
Adam Porter,2024 Season,,Alex Goates,2022 Season
Addison Powers,2023 Season,,Alli Jenki,2022 Season
Adin Klassen,2023 Season,,Andrew Card,2022 Season
Adrian Garcia,2023 Season,,Andrew Scharf,2022 Season
Aidan Mackey,2023 Season,,Andrew Stevens,2022 Season
AJ Hutchinson,2023 Season,,Anthony Daming,2022 Season
AJ Martin,2023 Season,,Ashton Smith,2022 Season
Albert Tong,2023 Season,,Austin Denny,2022 Season
Alec Galbo,2024 Season,,Ben Pernfuss,2022 Season
Alex Cook,2024 Season,,Ben Sasser,2022 Season
Alex Daly,2023 Season,,Benjamin Goldfarb,2022 Season
Alex Dlunzynski,2023 Season,,Brandon Spector,2022 Season
Alex Hart,2024 Season,,Brian Jennerich,2022 Season
Alex Lim,2023 Season,,Bryce Wagoner,2022 Season
Alex Luc,2023 Season,,Bryce Young,2022 Season
Alex Stan,2023 Season,,Cade Zorio,2022 Season
Alexandre Bellemare,2023 Season,,Caleb Jarrett,2022 Season
Alexandre Lamarre,2023 Season,,Caleb Wong,2022 Season
Allen Iwamoto,2023 Season,,Carter Wilcox,2022 Season
Andrea Borsotti,2024 Season,,Charlie Freeman,2022 Season
Andreas Lynen,2023 Season,,Connor Winters,2022 Season
Andrew Christmas,2024 Season,,Dan McPartland,2022 Season
Andrew Greer,2024 Season,,Daniel Lindeen,2022 Season
Andrew Gunter,2024 Season,,Derek Johnson,2022 Season
Andrew Kosche,2024 Season,,Eli Roth,2022 Season
Andrew Raber,2024 Season,,Elijah Kim,2022 Season
Andrew Sullivan,2024 Season,,Ellis Bass,2022 Season
Andy Trower,2024 Season,,Ethan Datwyler,2022 Season
Aniket Matharasi,2024 Season,,Even Yoder,2022 Season
Anthony Cho,2023 Season,,Gage Maddox,2022 Season
Anthony Clifford,2024 Season,,Grant Marriott,2022 Season
Anthony St-Martin,2023 Season,,Grant Miller,2022 Season
Archie Powell,2023 Season,,Gray Johnson,2022 Season
Arrow Griner,2024 Season,,Ian Golembeski,2022 Season
Artie Singer,2023 Season,,Ian Murphy,2022 Season
Auriel Wish,2024 Season,,Isaac Freeman,2022 Season
Auriel Wish,2024 Season,,Isaiah Balter,2022 Season
Austin Calhoun,2023 Season,,,
Austin Ha,2023 Season,,Jarratt Rouse,2022 Season
Austin Rawlings,2024 Season,,Jason Hironimus,2022 Season
Austin Stephen,2023 Season,,Jay Buxton,2022 Season
Auxence Clark,2024 Season,,Jeevan Vase,2022 Season
Ben Arauzo,2023 Season,,Jerm Porter,2022 Season
Ben Dantowitz,2023 Season,,Jesse Lentz,2022 Season
Ben Hall,2023 Season,,Joel Hoffler,2022 Season
Ben Savage,2024 Season,,John Zook,2022 Season
Benjamin Bachler,2024 Season,,Jordan Brandes,2022 Season
Benjamin Banuelos,2024 Season,,Josh Brandes,2022 Season
Benjamin Bunze,2024 Season,,Josh Kaplan,2022 Season
Benjamin Goldfarb,2024 Season,,Juan Ruiz-Delgado,2022 Season
Benjamin Goldfarb,2024 Season,,Kane Rickman,2022 Season
Bennett Anderson,2024 Season,,Kasey Shibayama,2022 Season
Blake Bosak,2024 Season,,Katie Pierson,2022 Season
Blake Henke,2023 Season,,Kenny Ortega,2022 Season
Bo Carstensen,2024 Season,,Kevin Bailey,2022 Season
Brad Yates,2024 Season,,Kevin McClain,2022 Season
Bradley Thompson,2023 Season,,Logan Cornelius,2022 Season
Brady McCoy,2023 Season,,Luke Freimanis,2022 Season
Bram Declercq,2023 Season,,Marc Baldwin,2022 Season
Brandon Arledge,2023 Season,,Mark Seaver,2022 Season
Brandon Brown,2024 Season,,Matthew Greathouse,2022 Season
Bransen Eppes,2024 Season,,Micah Bouman,2022 Season
Brayden Latham,2024 Season,,Micah Corbett,2022 Season
Brendan Ferreira,2024 Season,,Mike White,2022 Season
Brendan Reesor,2023 Season,,Mitchell Grosteffon,2022 Season
Brian Childs,2023 Season,,Nate Hopkins,2022 Season
Brian Perlson,2024 Season,,Nick Greggo,2022 Season
Brody Ulrich,2023 Season,,Nick Sant,2022 Season
Bronsten Eppes,2024 Season,,Olivia Jenki,2022 Season
Brooks Massey,2023 Season,,Rhett Howe,2022 Season
Bryan Fonseca,2023 Season,,Riley Redman,2022 Season
Bryan Grullon,2023 Season,,Robbie Koennecker,2022 Season
Bryant Karratti,2023 Season,,Ryan Baillargeon,2022 Season
Bryce Young,2024 Season,,Ryan Coen,2022 Season
Brycen Patterson,2023 Season,,Ryan St. Dennis,2022 Season
Cade Larson,2024 Season,,Sam Yifrach,2022 Season
Caleb Brock,2024 Season,,Shaun Boyer,2022 Season
Caleb Cummings,2024 Season,,Skyler Shibayama,2022 Season
Caleb Heck,2023 Season,,Stephen Jones,2022 Season
Caleb Shorter,2024 Season,,Stephen Petrie,2022 Season
Calvin Smith,2024 Season,,Tal Rogers,2022 Season
Calyn Kir,2023 Season,,Talor Garrison,2022 Season
Camden Sandberg,2023 Season,,Thomas Nishimoto,2022 Season
Carlin Vicera,2023 Season,,,
Carlo Engel,2024 Season,,Trevor Hoogendoorn,2022 Season
Carlos Nakamura,2023 Season,,Trey Bowman,2022 Season
Carlos Yvellez,2023 Season,,Tripp Pierson,2022 Season
Carter Hodgson,2023 Season,,Ty Parillo,2022 Season
Cedric Widin,2024 Season,,Tyler Stokes,2022 Season
Chandler Hertzler,2023 Season,,Will Foote,2022 Season
Charles Mordacq,2023 Season,,Zach Tewey,2022 Season
Charles Mordacq,2023 Season,,,
Charles Tipton,2023 Season,,,
Charlie Camarena,2024 Season,,,
Charlie Camarena,2024 Season,,,
Charlie Hale,2023 Season,,,
Chase Meyer,2023 Season,,,
Chris Brown,2023 Season,,,
Chris Kaptur,2023 Season,,,
Chris Wilkins,2024 Season,,,
Christian Bennett,2024 Season,,,
Christian Hill,2023 Season,,,
Christopher Place,2023 Season,,,
Clark Marshall,2023 Season,,,
Clayton Stupienski,2024 Season,,,
Clifford LeVeque,2023 Season,,,
Clifton Miller,2023 Season,,,
Cody Brower,2023 Season,,,
Cody Dryer,2024 Season,,,
Cole Maddox,2023 Season,,,
Cole Model,2024 Season,,,
Cole Sanchez,2024 Season,,,
Coleman Epperson,2024 Season,,,
Colin Hobart,2024 Season,,,
Colton Mowry,2024 Season,,,
Conner Bradshaw,2023 Season,,,
Connor Francis,2023 Season,,,
Connor Harte,2023 Season,,,
Connor Nelson,2024 Season,,,
Connor Prelich,2024 Season,,,
Connor Reid,2024 Season,,,
Corey Schneider,2023 Season,,,
Corey Weiss,2024 Season,,,
Cory Chilton,2024 Season,,,
Craig Hammon,2024 Season,,,
Dakota Wheeler,2023 Season,,,
Dalton Glider,2023 Season,,,
Dan Abrams,2024 Season,,,
Dan Bonowski,2023 Season,,,
Daniel Feller,2023 Season,,,
Daniel Goode,2023 Season,,,
Daniel Wilson,2023 Season,,,
Danny Gologorsky,2023 Season,,,
David Gonzales,2023 Season,,,
David Jindra,2024 Season,,,
David Louis,2023 Season,,,
David Mitchell,2023 Season,,,
David Rowlands,2023 Season,,,
David Seo,2023 Season,,,
David Smythe,2023 Season,,,
Davis Jung,2023 Season,,,
Dawson Morgan,2024 Season,,,
Dax O'Hair,2023 Season,,,
Dean Wasil,2023 Season,,,
Demitri Forand,2024 Season,,,
Dennis Joseph,2024 Season,,,
Derek Bonney,2023 Season,,,
Derek McRea,2024 Season,,,
Derek Soetemans,2023 Season,,,
Deryk Kirchner,2023 Season,,,
Desmond Benton,2023 Season,,,
Devin Tuttle,2023 Season,,,
Dom Orlando,2023 Season,,,
Dominic Ferenac,2023 Season,,,
Dominik Hatas,2024 Season,,,
Donald Fung,2023 Season,,,
Donavon Stell,2023 Season,,,
Dorian Ameziane,2024 Season,,,
Drew Cummins,2024 Season,,,
Dylan Bricker,2023 Season,,,
Dylan East,2023 Season,,,
Dylan Keen,2023 Season,,,
Dylan Mark,2023 Season,,,
Dylan Medveal,2023 Season,,,
Dylan Rourke,2023 Season,,,
Dylan West,2023 Season,,,
Eddy Leung,2024 Season,,,
Edvin Baggman,2023 Season,,,
Eisentrager Lukas,2024 Season,,,
Eleazar Wilson,2023 Season,,,
Elie Pilon,2024 Season,,,
Ely Marciano,2023 Season,,,
Emanuel Rimle,2024 Season,,,
Emerson Dean,2024 Season,,,
Emil Gronebaum,2024 Season,,,
Eric Edge,2023 Season,,,
Eric Reinke,2023 Season,,,
Erik Faeustle,2023 Season,,,
Erwan Chapeliere,2024 Season,,,
Esaja Ekman,2024 Season,,,
Ethan Domster,2024 Season,,,
Ethan Ma,2023 Season,,,
Ethan McWhirter,2023 Season,,,
Ethan Moore,2023 Season,,,
Ethan Zehr,2024 Season,,,
Etienne Cote,2024 Season,,,
Evan Denny,2023 Season,,,
Ezra Dantowitz,2024 Season,,,
Fabian Claus,2024 Season,,,
Faisal Sayyed,2023 Season,,,
Felipe Martinez,2023 Season,,,
Felipe Toscano,2023 Season,,,
Felix Arnoldy,2023 Season,,,
Felix Lablanc,2023 Season,,,
Felix Millton,2024 Season,,,
Felix-Antoine Lemerise,2023 Season,,,
Francis Oiumet,2023 Season,,,
Franz Castillo,2023 Season,,,
Fre Eskens,2023 Season,,,
Frederik Theunis,2024 Season,,,
Fredric Hinkle,2024 Season,,,
Gabe Finocchi,2024 Season,,,
Gabe Skaggs,2023 Season,,,
Gabriel Abood,2024 Season,,,
Gabriel Monfette,2023 Season,,,
Gabriel Stoisser,2024 Season,,,
Garrett Ashton,2024 Season,,,
Garrett Carver,2024 Season,,,
Garrett Hornok,2024 Season,,,
Garrett Meredith,2023 Season,,,
Gavin Broekema,2023 Season,,,
Gavin Lotts,2023 Season,,,
Gilles Mahy,2023 Season,,,
Gozie Okenu,2023 Season,,,
Grant Gouger,2023 Season,,,
Grant Klapwijk,2024 Season,,,
Grant Laughlin,2024 Season,,,
Grant Longland,2023 Season,,,
Grayson Wills,2024 Season,,,
Guillaume Jomphe,2023 Season,,,
Harding Brumby,2023 Season,,,
Harold Mancia,2023 Season,,,
Hayden Flood,2024 Season,,,
Henry Pilliod,2024 Season,,,
Henry Pleszkoch,2023 Season,,,
Herman Henström,2023 Season,,,
Houston Sproles,2023 Season,,,
Hudson Ford,2023 Season,,,
Hugo Lacombe,2024 Season,,,
Ian Austin,2024 Season,,,
Ian Murphy,2024 Season,,,
Ian Slattery,2023 Season,,,
Ian Timan,2023 Season,,,
Iason Hayes,2023 Season,,,
Isaac Holbrook,2024 Season,,,
Isaiah Friedeman,2023 Season,,,
Isaiah Sanborn,2024 Season,,,
Ivan Zeng,2023 Season,,,
Jack Bushart,2024 Season,,,
Jack Coolbaugh,2023 Season,,,
Jack Dumouchel,2024 Season,,,
Jack Granger,2023 Season,,,
Jack Stinson,2023 Season,,,
Jack Wood,2023 Season,,,
Jackson Blackburn,2023 Season,,,
Jackson Bond,2023 Season,,,
Jackson Brasfield,2023 Season,,,
Jackson Gordon,2024 Season,,,
Jacob Arzaga,2024 Season,,,
Jacob Gansle,2023 Season,,,
Jacob Martinez,2023 Season,,,
Jacob Payer,2024 Season,,,
Jacob Summers,2024 Season,,,
Jacob Yoo,2023 Season,,,
Jadon Torres,2023 Season,,,
Jake Babbit,2023 Season,,,
Jake Dohm,2023 Season,,,
Jake Goodnow,2023 Season,,,
Jake Heidman,2023 Season,,,
Jake Howhannesian,2023 Season,,,
Jake Jimenez,2023 Season,,,
Jake Lebaron,2024 Season,,,
Jake Lepp,2023 Season,,,
Jake Martha,2024 Season,,,
Jake Mottershead,2023 Season,,,
Jake Oxendine,2023 Season,,,
Jake Woolley,2024 Season,,,
Jakub Popluhar,2023 Season,,,
Jakub Visek,2024 Season,,,
Jalen Butkus,2024 Season,,,
James Hyman,2023 Season,,,
James Lamkin,2024 Season,,,
James Ledbetter,2023 Season,,,
James Mitchum,2024 Season,,,
James Richmond,2024 Season,,,
Jan Stachiewicz,2024 Season,,,
Jared Ang,2023 Season,,,
Jared Beaufait,2024 Season,,,
Jared Bingham,2023 Season,,,
Jaroslav Cabala,2024 Season,,,
Jason Rhoads,2024 Season,,,
Jason Small,2024 Season,,,
Javier Vidal,2024 Season,,,
Javier Vidal,2024 Season,,,
Jayden Simonian,2023 Season,,,
Jayson Rhea,2023 Season,,,
Je Gagnon,2023 Season,,,
Jenson Miller,2024 Season,,,
Jesse Lehn,2023 Season,,,
Joe Bondi,2024 Season,,,
Joe LaRuffa,2024 Season,,,
Joel Graham,2023 Season,,,
Joel Lapp,2023 Season,,,
Joel Morrell,2023 Season,,,
Joey Maichen,2024 Season,,,
Joey Reynolds,2024 Season,,,
Johannes Kopfmann,2023 Season,,,
Johannes Peltonen,2023 Season,,,
John Buchanan,2024 Season,,,
John Buchanan,2024 Season,,,
John Choi,2024 Season,,,
John Hickmott,2023 Season,,,
John Kelley,2023 Season,,,
Jon Moe,2023 Season,,,
Jonas Bottler,2023 Season,,,
Jonas Eigenmann,2024 Season,,,
Jonas Hell,2024 Season,,,
Jonas Jacquemijns,2023 Season,,,
Jonas Klinger,2024 Season,,,
Jordan Caradonna,2023 Season,,,
Jordan Freitas,2023 Season,,,
Jordan Taylor,2023 Season,,,
Josef Bekiranov,2024 Season,,,
Josef Quispe,2023 Season,,,
Joseph Caligiuri,2023 Season,,,
Joseph Kaylor,2024 Season,,,
Josh Braun,2023 Season,,,
Josh Cain,2024 Season,,,
Josh DiDonato,2024 Season,,,
Josh Esposo,2024 Season,,,
Josh Fragiacomo,2024 Season,,,
Josh Hutko,2023 Season,,,
Josh Kaplan,2024 Season,,,
Josh Landis,2023 Season,,,
Josh Weinbach,2024 Season,,,
Josha Lauterbach,2024 Season,,,
Joshua Brands,2023 Season,,,
Joshua Chui,2023 Season,,,
Joshua Hachey,2023 Season,,,
Joshua Swimm,2023 Season,,,
Joshua Travis,2024 Season,,,
Josiah Friend,2023 Season,,,
Josiah McKinney,2023 Season,,,
Josiah Murphy,2023 Season,,,
Judah Friend,2023 Season,,,
Julien Paquette,2023 Season,,,
Jussi Kelavuori,2023 Season,,,
Justin Barr,2024 Season,,,
Justin Cho,2023 Season,,,
Justin Kehoe,2024 Season,,,
Justin Plett,2023 Season,,,
Justin Shaytar,2024 Season,,,
Justin White,2023 Season,,,
Juuso Perttila,2023 Season,,,
Kade Chapman,2023 Season,,,
Kade Janikula,2023 Season,,,
Kaleb Wagner,2024 Season,,,
Kalin Morgan,2023 Season,,,
Kannon Forbush,2024 Season,,,
Karah Hui,2023 Season,,,
Kari Kylainpaa,2023 Season,,,
Karl Pominville,2023 Season,,,
Kasey Shibayama,2024 Season,,,
Keaton Kirchner,2023 Season,,,
Ken Pflaum,2023 Season,,,
Kevin Cadle,2023 Season,,,
Kevin Labrosse,2023 Season,,,
Kevin McClain,2024 Season,,,
Kevin McClain,2024 Season,,,
Kevin Um,2024 Season,,,
Kevin Zhu,2023 Season,,,
Keyan McLaughlin,2023 Season,,,
Kieran Rose,2024 Season,,,
Kobe Mumpower,2023 Season,,,
Kody Price,2023 Season,,,
Kosti Kylainpaa,2023 Season,,,
Kurt Lannetti,2024 Season,,,
Kyan Kornfield,2024 Season,,,
Kyle Ackermann,2024 Season,,,
Kyle Fowler,2024 Season,,,
Kyle Fowler,2024 Season,,,
Kyle Midgett,2023 Season,,,
Lander Vaes,2023 Season,,,
Leonardo Tullo,2023 Season,,,
Levi Vandaele,2024 Season,,,
Liam Sherron,2024 Season,,,
Lindros Beard,2023 Season,,,
Logan Snair,2023 Season,,,
Lou Paradis,2023 Season,,,
Lou Wahburn,2023 Season,,,
Louis Jouve,2024 Season,,,
Luc Burki,2024 Season,,,
Luc Moor,2024 Season,,,
Lucas Banks,2023 Season,,,
Lucas Christiana,2023 Season,,,
Lucas Pruett,2024 Season,,,
Lucca Hardes,2024 Season,,,
Luis Orozco,2023 Season,,,
Lukas Tapken,2024 Season,,,
Luke Marshall,2024 Season,,,
Luke Mowry,2024 Season,,,
Luke Nickel,2024 Season,,,
Luke Pennington,2024 Season,,,
Luke Repass,2023 Season,,,
Maddy Morehouse,2023 Season,,,
Malachi Espinola,2024 Season,,,
Marc Etienne McLaughlin,2023 Season,,,
Marcus Gauterin,2024 Season,,,
Marius Snoeck,2023 Season,,,
Mark Elbourne,2024 Season,,,
Mark Manuel,2023 Season,,,
Markus Anderle,2024 Season,,,
Marlon Fleming,2024 Season,,,
Marvin Rösinger,2023 Season,,,
Mathias Gangkofner,2024 Season,,,
Mathis Hartling,2023 Season,,,
Matias Bermejo Pasetti,2023 Season,,,
Matt Murray,2023 Season,,,
Matt Ortlip,2024 Season,,,
Matt Spolarich,2024 Season,,,
Matthew Burrows,2024 Season,,,
Matthew Cole,2024 Season,,,
Matthew Morelli,2023 Season,,,
Matthew Van Winkle,2023 Season,,,
Max Billinghurst,2023 Season,,,
Max Fiebelkorn,2023 Season,,,
Max Huang,2024 Season,,,
Max Model,2024 Season,,,
Maxime Prince,2023 Season,,,
Maxwell Gunneson,2023 Season,,,
Mayo Costanza,2023 Season,,,
Merlin Baumeler,2024 Season,,,
Micah Zimmerman,2023 Season,,,
Michael Barkman,2024 Season,,,
Michael Capobianco,2023 Season,,,
Michael Du,2024 Season,,,
Michael Hsu,2024 Season,,,
Michael Lin,2023 Season,,,
Michael Murray,2023 Season,,,
Michael Nelson,2023 Season,,,
Mike Garrett,2023 Season,,,
Mitch Kelley,2023 Season,,,
Mitchell Carter,2023 Season,,,
Nate KT,2024 Season,,,
Nathan Garcia,2023 Season,,,
Nathan Robertt,2024 Season,,,
Nathan Wilson,2023 Season,,,
Nathaniel Hargrove,2024 Season,,,
Nathaniel Schrag,2023 Season,,,
Neal Bergman,2024 Season,,,
Nelson Dziruni,2024 Season,,,
Nicholas Puopolo,2023 Season,,,
Nicholas Thornburg,2023 Season,,,
Nick Daub,2023 Season,,,
Nick Evanko,2024 Season,,,
Nick Finney,2023 Season,,,
Nick Galbo,2023 Season,,,
Nick Mesa,2023 Season,,,
Nick Noguez,2024 Season,,,
Nick Wideman,2024 Season,,,
Nickhil Anantha,2024 Season,,,
Nicolas Ramos,2024 Season,,,
Nicolas Tognini,2024 Season,,,
Nicolas Yabar,2023 Season,,,
Noah Beinart,2023 Season,,,
Noah Luskus,2024 Season,,,
Noah Saddik,2023 Season,,,
Noah Skogward,2023 Season,,,
Noah Vasington,2023 Season,,,
Noel Svensson,2024 Season,,,
Nolan Marolf,2023 Season,,,
Nolan Wynkoop,2024 Season,,,
Olivia Jenki,2024 Season,,,
Olivier Aglot,2023 Season,,,
Olivier Laurin,2024 Season,,,
Ondra Čejka,2024 Season,,,
Oscar O'Brien,2024 Season,,,
Owen Bass,2024 Season,,,
Owen Lippman,2024 Season,,,
Patric Chu,2024 Season,,,
Patrick McAuliffe,2023 Season,,,
Paul Siemer,2024 Season,,,
Peer Kanis,2024 Season,,,
Peter Barton,2023 Season,,,
Peter Lam,2023 Season,,,
Peter Lu,2024 Season,,,
Philip Drouin,2023 Season,,,
Pio Clavecilla,2023 Season,,,
PJ Showalter,2023 Season,,,
Polk Denmark,2024 Season,,,
Preston Bies,2023 Season,,,
Quinn Hufler,2023 Season,,,
Raffael Jonas,2023 Season,,,
Rafi Moldovski,2024 Season,,,
Rahul Murthy,2024 Season,,,
Ramon Felix,2024 Season,,,
Rasmus Prufer,2024 Season,,,
Ravi Kandula,2024 Season,,,
Reid Lampert,2024 Season,,,
Reid Pfutzenreuter,2024 Season,,,
Reilly Paquette,2023 Season,,,
Remi Prince,2023 Season,,,
Rendall Weaver,2024 Season,,,
Riccardo Mercadini,2024 Season,,,
Rich Tarpey,2023 Season,,,
Ricky Santiago,2023 Season,,,
Rob's Traveler?,2024 Season,,,
Robin Florinda,2024 Season,,,
Roman Peter,2024 Season,,,
Ron Arbel,2023 Season,,,
Rouven Felix,2024 Season,,,
Ryan Baillargeon,2024 Season,,,
Ryan Benz,2024 Season,,,
Ryan Cho,2023 Season,,,
Ryan Coen,2024 Season,,,
Ryan Coen,2024 Season,,,
Ryan Fitzgerald,2023 Season,,,
Ryan Gross,2024 Season,,,
Ryan Leong,2023 Season,,,
Ryan Marino,2024 Season,,,
Ryan McCargar,2023 Season,,,
Ryan Oswalt,2024 Season,,,
Ryan Paul,2024 Season,,,
Ryan Slaughter,2023 Season,,,
Ryder Rivadeneyra,2024 Season,,,
Saahil Sharma,2023 Season,,,
Sam Bunze,2023 Season,,,
Sam Kilinski,2024 Season,,,
Sam McCune,2023 Season,,,
Sam Randall,2024 Season,,,
Sam Snover,2023 Season,,,
Samuel Buckman,2024 Season,,,
Samuel Corey,2024 Season,,,
Samuel Davis,2024 Season,,,
Samuel Mjönes,2023 Season,,,
Samuel Prince,2023 Season,,,
Sascha Lang,2024 Season,,,
Sasha Mariniuk,2023 Season,,,
Schon Siguenza ,2023 Season,,,
Scott Beeks,2024 Season,,,
Scott Pasiechnyk,2023 Season,,,
Sean Brown,2024 Season,,,
Seth Searcy,2023 Season,,,
Shakil Nobes,2023 Season,,,
Shane Soto,2023 Season,,,
Simon Guillemette,2023 Season,,,
Simon Lindstrom,2023 Season,,,
Simon Stenquist,2024 Season,,,
Skyler Boles,2023 Season,,,
Skyler Sebring,2023 Season,,,
Slade Warner,2024 Season,,,
Solomon Berry,2024 Season,,,
Spencer Argenna,2023 Season,,,
Spencer Longfellow,2023 Season,,,
Stefan Handschmann,2024 Season,,,
Stephen Hellier,2023 Season,,,
Stephen Jones,2024 Season,,,
Stephen Jones,2024 Season,,,
Stephen Sweeney,2023 Season,,,
Sully Woodlee,2023 Season,,,
Sumer Dass,2023 Season,,,
Sunny Gu,2024 Season,,,
Taaron Rudzitis,2023 Season,,,
Tanner Scherwinski,2023 Season,,,
Taylor Church,2024 Season,,,
Taylor Sanford,2023 Season,,,
Tayt Rogers ,2023 Season,,,
Thomas Dery,2023 Season,,,
Thomas Dufresne,2023 Season,,,
Thomas Estella,2024 Season,,,
Thomas Hamilton,2024 Season,,,
Thomas Hoffman,2024 Season,,,
Thomas Maloney,2024 Season,,,
Thomas Pence,2024 Season,,,
Till Spitznagel,2023 Season,,,
Tim Clifford,2023 Season,,,
Tim Gaskin,2023 Season,,,
Tim Lacagnina,2024 Season,,,
Timo Lorenzen,2024 Season,,,
TJ Radford,2023 Season,,,
Tom Nichols,2023 Season,,,
Tom Rogers,2023 Season,,,
Tomi Ahosala,2023 Season,,,
Tommy Drake,2024 Season,,,
Tommy Oddo,2023 Season,,,
Travis Core,2024 Season,,,
Trent Alderfer,2023 Season,,,
Trevor Barbosa,2024 Season,,,
Trevor Clements,2024 Season,,,
Trevor Cook,2023 Season,,,
Trevor Slaughter,2023 Season,,,
Trey Newman,2023 Season,,,
Trey Thompson,2024 Season,,,
Tristan Peat,2023 Season,,,
Tucker Judkins,2023 Season,,,
Tyler Babin,2023 Season,,,
Tyler Cisek,2023 Season,,,
Tyler Fernandez,2024 Season,,,
Tyler Keener,2023 Season,,,
Vanya Melnykovych,2023 Season,,,
Vincent Bastrash,2024 Season,,,
Vincent Mathieu,2024 Season,,,
Walter Bonilla,2023 Season,,,
Warner Curtis,2024 Season,,,
Warren Foote,2024 Season,,,
West Peterson,2024 Season,,,
Will Ries,2023 Season,,,
Willem Bardyn,2023 Season,,,
William Glowacky,2024 Season,,,
William Picone,2024 Season,,,
Wout Geeraerts,2024 Season,,,
Xande Plaisted,2024 Season,,,
Yann Octeau,2023 Season,,,
Yannik Serres,2023 Season,,,
Yosha Vandaele ,2024 Season,,,
Zac Vance,2023 Season,,,
Zach Babka,2023 Season,,,
Zach Bender,2023 Season,,,
Zach Bergevin,2024 Season,,,
Zach Carver,2023 Season,,,
Zach Snover,2023 Season,,,
Zachary Frish,2023 Season,,,
Zack Duffy,2024 Season,,,
Zayne Shields,2023 Season,,,
,342,,,
,274,,,